Name,PhoneNumber
John Doe,911234567
Jane Smith,922345678
Michael Johnson,933456789
Emily Brown,944567890
David Davis,955678901
Sarah Wilson,966789012
Robert Martinez,977890123
Jennifer Taylor,988901234
William Anderson,919012345
Jessica Thomas,920123456
Richard Jackson,931234567
Linda White,942345678
Charles Harris,953456789
Karen Martin,964567890
Joseph Thompson,975678901
Amanda Garcia,986789012
Daniel Martinez,917890123
Melissa Robinson,928901234
Christopher Lee,939012345
Patricia King,940123456
